<?xml version="1.0" encoding="UTF-8"?>
<project-private xmlns="http://www.netbeans.org/ns/project-private/1">
    <editor-bookmarks xmlns="http://www.netbeans.org/ns/editor-bookmarks/2" lastBookmarkId="0"/>
    <open-files xmlns="http://www.netbeans.org/ns/projectui-open-files/2">
        <group>
            <file>file:/home/imadariaga/Documents/Klaseak2020-21/Programazioa/programebal2020/2021-02-04Pendienteak/2021-02-04Template/src/model/Author.java</file>
            <file>file:/home/imadariaga/Documents/Klaseak2020-21/Programazioa/programebal2020/2021-02-04Pendienteak/2021-02-04Template/src/exekutagarriak/ProgramaNagusia.java</file>
            <file>file:/home/imadariaga/Documents/Klaseak2020-21/Programazioa/programebal2020/2021-02-04Pendienteak/2021-02-04Template/src/model/Book.java</file>
        </group>
    </open-files>
</project-private>
