<?xml version="1.0" encoding="UTF-8"?>
<project-private xmlns="http://www.netbeans.org/ns/project-private/1">
    <editor-bookmarks xmlns="http://www.netbeans.org/ns/editor-bookmarks/2" lastBookmarkId="0"/>
    <open-files xmlns="http://www.netbeans.org/ns/projectui-open-files/2">
        <group>
            <file>file:/E:/Goi%20mailako%20zikloa/DAM_1/IKASGAIAK/PROGRAMAZIOA/UD2/UD%202_Azterketa/2021-11-19Karmele/src/model/Liburua.java</file>
            <file>file:/E:/Goi%20mailako%20zikloa/DAM_1/IKASGAIAK/PROGRAMAZIOA/UD2/UD%202_Azterketa/2021-11-19Karmele/src/exekutagarriak/ProgramaNagusia.java</file>
        </group>
    </open-files>
</project-private>
