<?xml version="1.0" encoding="UTF-8"?>
<project-private xmlns="http://www.netbeans.org/ns/project-private/1">
    <editor-bookmarks xmlns="http://www.netbeans.org/ns/editor-bookmarks/2" lastBookmarkId="0"/>
    <open-files xmlns="http://www.netbeans.org/ns/projectui-open-files/2">
        <group>
            <file>file:/E:/Goi%20mailako%20zikloa/DAM_1/IKASGAIAK/PROGRAMAZIOA/UD1/UD%201%20Azterketa/2021/%202021-10-15Karmele/src/azterketa_1Unitatea/Bikoitza.java</file>
            <file>file:/E:/Goi%20mailako%20zikloa/DAM_1/IKASGAIAK/PROGRAMAZIOA/UD1/UD%201%20Azterketa/2021/%202021-10-15Karmele/src/azterketa_1Unitatea/Gurutzea.java</file>
            <file>file:/E:/Goi%20mailako%20zikloa/DAM_1/IKASGAIAK/PROGRAMAZIOA/UD1/UD%201%20Azterketa/2021/%202021-10-15Karmele/src/azterketa_1Unitatea/HitzEzkutua.java</file>
            <file>file:/E:/Goi%20mailako%20zikloa/DAM_1/IKASGAIAK/PROGRAMAZIOA/UD1/UD%201%20Azterketa/2021/%202021-10-15Karmele/src/azterketa_1Unitatea/Zatigarritasuna.java</file>
            <file>file:/E:/Goi%20mailako%20zikloa/DAM_1/IKASGAIAK/PROGRAMAZIOA/UD1/UD%201%20Azterketa/2021/%202021-10-15Karmele/src/azterketa_1Unitatea/Segida.java</file>
        </group>
    </open-files>
</project-private>
